| infectadas: 15.0 | suseptibles a infectarse: 5.0 | Recuperados: 0.0

Persona	time	x	y
Persona 1	0.0	59.0	93.0
Persona 2	0.0	22.0	64.0
Persona 3	0.0	41.0	29.0
Persona 4	0.0	52.0	63.0
Persona 5	0.0	62.0	77.0
Persona 6	0.0	51.0	63.0
Persona 7	0.0	57.0	22.0
Persona 8	0.0	92.0	70.0
Persona 9	0.0	29.0	13.0
Persona 10	0.0	54.0	56.0
Persona 11	0.0	65.0	53.0
Persona 12	0.0	98.0	61.0
Persona 13	0.0	40.0	41.0
Persona 14	0.0	13.0	5.0
Persona 15	0.0	23.0	95.0
Persona 16	0.0	7.0	42.0
Persona 17	0.0	79.0	83.0
Persona 18	0.0	99.0	84.0
Persona 19	0.0	42.0	28.0
Persona 20	0.0	31.0	100.0
Persona 1	0.2	60.0	92.0
Persona 2	0.2	23.0	63.0
Persona 3	0.2	41.0	30.0
Persona 4	0.2	51.0	63.0
Persona 5	0.2	63.0	78.0
Persona 6	0.2	50.0	63.0
Persona 7	0.2	58.0	23.0
Persona 8	0.2	92.0	69.0
Persona 9	0.2	28.0	12.0
Persona 10	0.2	55.0	57.0
Persona 11	0.2	65.0	52.0
Persona 12	0.2	97.0	60.0
Persona 13	0.2	39.0	41.0
Persona 14	0.2	12.0	5.0
Persona 15	0.2	22.0	94.0
Persona 16	0.2	8.0	43.0
Persona 17	0.2	80.0	82.0
Persona 18	0.2	100.0	85.0
Persona 19	0.2	41.0	28.0
Persona 20	0.2	32.0	100.0
Persona 1	0.4	61.0	92.0
Persona 2	0.4	24.0	63.0
Persona 3	0.4	40.0	31.0
Persona 4	0.4	50.0	63.0
Persona 5	0.4	64.0	79.0
Persona 6	0.4	49.0	63.0
Persona 7	0.4	59.0	24.0
Persona 8	0.4	93.0	68.0
Persona 9	0.4	27.0	11.0
Persona 10	0.4	56.0	58.0
Persona 11	0.4	66.0	51.0
Persona 12	0.4	96.0	59.0
Persona 13	0.4	38.0	41.0
Persona 14	0.4	11.0	5.0
Persona 15	0.4	21.0	93.0
Persona 16	0.4	9.0	44.0
Persona 17	0.4	81.0	82.0
Persona 18	0.4	100.0	86.0
Persona 19	0.4	40.0	28.0
Persona 20	0.4	33.0	100.0
Persona 1	0.6000000000000001	62.0	92.0
Persona 2	0.6000000000000001	25.0	63.0
Persona 3	0.6000000000000001	39.0	32.0
Persona 4	0.6000000000000001	49.0	62.0
Persona 5	0.6000000000000001	64.0	80.0
Persona 6	0.6000000000000001	48.0	62.0
Persona 7	0.6000000000000001	59.0	25.0
Persona 8	0.6000000000000001	94.0	67.0
Persona 9	0.6000000000000001	27.0	10.0
Persona 10	0.6000000000000001	56.0	59.0
Persona 11	0.6000000000000001	67.0	50.0
Persona 12	0.6000000000000001	96.0	58.0
Persona 13	0.6000000000000001	37.0	40.0
Persona 14	0.6000000000000001	10.0	4.0
Persona 15	0.6000000000000001	21.0	92.0
Persona 16	0.6000000000000001	9.0	45.0
Persona 17	0.6000000000000001	82.0	82.0
Persona 18	0.6000000000000001	100.0	87.0
Persona 19	0.6000000000000001	39.0	27.0
Persona 20	0.6000000000000001	33.0	100.0
Persona 1	0.8	63.0	93.0
Persona 2	0.8	26.0	64.0
Persona 3	0.8	38.0	32.0
Persona 4	0.8	48.0	61.0
Persona 5	0.8	64.0	81.0
Persona 6	0.8	47.0	61.0
Persona 7	0.8	58.0	26.0
Persona 8	0.8	95.0	67.0
Persona 9	0.8	27.0	9.0
Persona 10	0.8	56.0	60.0
Persona 11	0.8	68.0	50.0
Persona 12	0.8	96.0	57.0
Persona 13	0.8	36.0	39.0
Persona 14	0.8	9.0	3.0
Persona 15	0.8	21.0	91.0
Persona 16	0.8	9.0	46.0
Persona 17	0.8	83.0	83.0
Persona 18	0.8	100.0	88.0
Persona 19	0.8	38.0	26.0
Persona 20	0.8	33.0	100.0
Persona 1	1.0	64.0	94.0
Persona 2	1.0	27.0	65.0
Persona 3	1.0	37.0	32.0
Persona 4	1.0	48.0	60.0
Persona 5	1.0	63.0	82.0
Persona 6	1.0	47.0	60.0
Persona 7	1.0	57.0	27.0
Persona 8	1.0	96.0	67.0
Persona 9	1.0	28.0	8.0
Persona 10	1.0	55.0	61.0
Persona 11	1.0	69.0	50.0
Persona 12	1.0	97.0	56.0
Persona 13	1.0	36.0	38.0
Persona 14	1.0	9.0	2.0
Persona 15	1.0	22.0	90.0
Persona 16	1.0	8.0	47.0
Persona 17	1.0	84.0	84.0
Persona 18	1.0	99.0	89.0
Persona 19	1.0	38.0	25.0
Persona 20	1.0	32.0	100.0
Persona 1	1.2	64.0	95.0
Persona 2	1.2	27.0	66.0
Persona 3	1.2	36.0	31.0
Persona 4	1.2	48.0	59.0
Persona 5	1.2	62.0	83.0
Persona 6	1.2	47.0	59.0
Persona 7	1.2	56.0	27.0
Persona 8	1.2	97.0	68.0
Persona 9	1.2	29.0	7.0
Persona 10	1.2	54.0	62.0
Persona 11	1.2	70.0	51.0
Persona 12	1.2	98.0	55.0
Persona 13	1.2	36.0	37.0
Persona 14	1.2	9.0	1.0
Persona 15	1.2	23.0	89.0
Persona 16	1.2	7.0	48.0
Persona 17	1.2	84.0	85.0
Persona 18	1.2	98.0	90.0
Persona 19	1.2	38.0	24.0
Persona 20	1.2	31.0	100.0
Persona 1	1.4	64.0	96.0
Persona 2	1.4	27.0	67.0
Persona 3	1.4	35.0	30.0
Persona 4	1.4	49.0	58.0
Persona 5	1.4	61.0	83.0
Persona 6	1.4	48.0	58.0
Persona 7	1.4	55.0	27.0
Persona 8	1.4	98.0	69.0
Persona 9	1.4	30.0	7.0
Persona 10	1.4	53.0	62.0
Persona 11	1.4	71.0	52.0
Persona 12	1.4	99.0	55.0
Persona 13	1.4	37.0	36.0
Persona 14	1.4	10.0	0.0
Persona 15	1.4	24.0	89.0
Persona 16	1.4	6.0	48.0
Persona 17	1.4	84.0	86.0
Persona 18	1.4	97.0	90.0
Persona 19	1.4	39.0	23.0
Persona 20	1.4	30.0	100.0
Persona 1	1.5999999999999999	63.0	97.0
Persona 2	1.5999999999999999	26.0	68.0
Persona 3	1.5999999999999999	35.0	29.0
Persona 4	1.5999999999999999	50.0	57.0
Persona 5	1.5999999999999999	60.0	83.0
Persona 6	1.5999999999999999	49.0	57.0
Persona 7	1.5999999999999999	54.0	26.0
Persona 8	1.5999999999999999	98.0	70.0
Persona 9	1.5999999999999999	31.0	7.0
Persona 10	1.5999999999999999	52.0	62.0
Persona 11	1.5999999999999999	71.0	53.0
Persona 12	1.5999999999999999	100.0	55.0
Persona 13	1.5999999999999999	38.0	35.0
Persona 14	1.5999999999999999	11.0	0.0
Persona 15	1.5999999999999999	25.0	89.0
Persona 16	1.5999999999999999	5.0	48.0
Persona 17	1.5999999999999999	83.0	87.0
Persona 18	1.5999999999999999	96.0	90.0
Persona 19	1.5999999999999999	40.0	22.0
Persona 20	1.5999999999999999	29.0	100.0
Persona 1	1.7999999999999998	62.0	98.0
Persona 2	1.7999999999999998	25.0	69.0
Persona 3	1.7999999999999998	35.0	28.0
Persona 4	1.7999999999999998	51.0	57.0
Persona 5	1.7999999999999998	59.0	82.0
Persona 6	1.7999999999999998	50.0	57.0
Persona 7	1.7999999999999998	53.0	25.0
Persona 8	1.7999999999999998	98.0	71.0
Persona 9	1.7999999999999998	32.0	8.0
Persona 10	1.7999999999999998	51.0	61.0
Persona 11	1.7999999999999998	71.0	54.0
Persona 12	1.7999999999999998	100.0	56.0
Persona 13	1.7999999999999998	39.0	35.0
Persona 14	1.7999999999999998	12.0	0.0
Persona 15	1.7999999999999998	26.0	90.0
Persona 16	1.7999999999999998	4.0	47.0
Persona 17	1.7999999999999998	82.0	88.0
Persona 18	1.7999999999999998	95.0	89.0
Persona 19	1.7999999999999998	41.0	22.0
Persona 20	1.7999999999999998	28.0	99.0
Persona 1	1.9999999999999998	61.0	98.0
Persona 2	1.9999999999999998	24.0	69.0
Persona 3	1.9999999999999998	36.0	27.0
Persona 4	1.9999999999999998	52.0	57.0
Persona 5	1.9999999999999998	58.0	81.0
Persona 6	1.9999999999999998	51.0	57.0
Persona 7	1.9999999999999998	53.0	24.0
Persona 8	1.9999999999999998	97.0	72.0
Persona 9	1.9999999999999998	33.0	9.0
Persona 10	1.9999999999999998	50.0	60.0
Persona 11	1.9999999999999998	70.0	55.0
Persona 12	1.9999999999999998	100.0	57.0
Persona 13	1.9999999999999998	40.0	35.0
Persona 14	1.9999999999999998	13.0	0.0
Persona 15	1.9999999999999998	27.0	91.0
Persona 16	1.9999999999999998	3.0	46.0
Persona 17	1.9999999999999998	81.0	88.0
Persona 18	1.9999999999999998	94.0	88.0
Persona 19	1.9999999999999998	42.0	22.0
Persona 20	1.9999999999999998	27.0	98.0
Persona 1	2.1999999999999997	60.0	97.0
Persona 2	2.1999999999999997	23.0	68.0
Persona 3	2.1999999999999997	37.0	26.0
Persona 4	2.1999999999999997	53.0	58.0
Persona 5	2.1999999999999997	58.0	80.0
Persona 6	2.1999999999999997	52.0	58.0
Persona 7	2.1999999999999997	53.0	23.0
Persona 8	2.1999999999999997	96.0	73.0
Persona 9	2.1999999999999997	33.0	10.0
Persona 10	2.1999999999999997	50.0	59.0
Persona 11	2.1999999999999997	69.0	56.0
Persona 12	2.1999999999999997	100.0	58.0
Persona 13	2.1999999999999997	41.0	36.0
Persona 14	2.1999999999999997	14.0	1.0
Persona 15	2.1999999999999997	27.0	92.0
Persona 16	2.1999999999999997	3.0	45.0
Persona 17	2.1999999999999997	80.0	87.0
Persona 18	2.1999999999999997	94.0	87.0
Persona 19	2.1999999999999997	43.0	23.0
Persona 20	2.1999999999999997	27.0	97.0
Persona 1	2.4	59.0	96.0
Persona 2	2.4	22.0	67.0
Persona 3	2.4	38.0	26.0
Persona 4	2.4	54.0	59.0
Persona 5	2.4	58.0	79.0
Persona 6	2.4	53.0	59.0
Persona 7	2.4	54.0	22.0
Persona 8	2.4	95.0	73.0
Persona 9	2.4	33.0	11.0
Persona 10	2.4	50.0	58.0
Persona 11	2.4	68.0	56.0
Persona 12	2.4	100.0	59.0
Persona 13	2.4	42.0	37.0
Persona 14	2.4	15.0	2.0
Persona 15	2.4	27.0	93.0
Persona 16	2.4	3.0	44.0
Persona 17	2.4	79.0	86.0
Persona 18	2.4	94.0	86.0
Persona 19	2.4	44.0	24.0
Persona 20	2.4	27.0	96.0
Persona 1	2.6	58.0	95.0
Persona 2	2.6	21.0	66.0
Persona 3	2.6	39.0	26.0
Persona 4	2.6	54.0	60.0
Persona 5	2.6	59.0	78.0
Persona 6	2.6	53.0	60.0
Persona 7	2.6	55.0	21.0
Persona 8	2.6	94.0	73.0
Persona 9	2.6	32.0	12.0
Persona 10	2.6	51.0	57.0
Persona 11	2.6	67.0	56.0
Persona 12	2.6	99.0	60.0
Persona 13	2.6	42.0	38.0
Persona 14	2.6	15.0	3.0
Persona 15	2.6	26.0	94.0
Persona 16	2.6	4.0	43.0
Persona 17	2.6	78.0	85.0
Persona 18	2.6	95.0	85.0
Persona 19	2.6	44.0	25.0
Persona 20	2.6	28.0	95.0
Persona 1	2.8000000000000003	58.0	94.0
Persona 2	2.8000000000000003	21.0	65.0
Persona 3	2.8000000000000003	40.0	27.0
Persona 4	2.8000000000000003	54.0	61.0
Persona 5	2.8000000000000003	60.0	77.0
Persona 6	2.8000000000000003	53.0	61.0
Persona 7	2.8000000000000003	56.0	21.0
Persona 8	2.8000000000000003	93.0	72.0
Persona 9	2.8000000000000003	31.0	13.0
Persona 10	2.8000000000000003	52.0	56.0
Persona 11	2.8000000000000003	66.0	55.0
Persona 12	2.8000000000000003	98.0	61.0
Persona 13	2.8000000000000003	42.0	39.0
Persona 14	2.8000000000000003	15.0	4.0
Persona 15	2.8000000000000003	25.0	95.0
Persona 16	2.8000000000000003	5.0	42.0
Persona 17	2.8000000000000003	78.0	84.0
Persona 18	2.8000000000000003	96.0	84.0
Persona 19	2.8000000000000003	44.0	26.0
Persona 20	2.8000000000000003	29.0	94.0
Persona 1	3.0000000000000004	59.0	93.0
Persona 2	3.0000000000000004	22.0	64.0
Persona 3	3.0000000000000004	41.0	28.0
Persona 4	3.0000000000000004	53.0	62.0
Persona 5	3.0000000000000004	61.0	77.0
Persona 6	3.0000000000000004	52.0	62.0
Persona 7	3.0000000000000004	57.0	21.0
Persona 8	3.0000000000000004	92.0	71.0
Persona 9	3.0000000000000004	30.0	13.0
Persona 10	3.0000000000000004	53.0	56.0
Persona 11	3.0000000000000004	65.0	54.0
Persona 12	3.0000000000000004	97.0	61.0
Persona 13	3.0000000000000004	41.0	40.0
Persona 14	3.0000000000000004	14.0	5.0
Persona 15	3.0000000000000004	24.0	95.0
Persona 16	3.0000000000000004	6.0	42.0
Persona 17	3.0000000000000004	79.0	83.0
Persona 18	3.0000000000000004	97.0	84.0
Persona 19	3.0000000000000004	43.0	27.0
Persona 20	3.0000000000000004	30.0	94.0
Persona 1	3.2000000000000006	60.0	92.0
Persona 2	3.2000000000000006	23.0	63.0
Persona 3	3.2000000000000006	41.0	29.0
Persona 4	3.2000000000000006	52.0	63.0
Persona 5	3.2000000000000006	62.0	77.0
Persona 6	3.2000000000000006	51.0	63.0
Persona 7	3.2000000000000006	58.0	22.0
Persona 8	3.2000000000000006	92.0	70.0
Persona 9	3.2000000000000006	29.0	12.0
Persona 10	3.2000000000000006	54.0	56.0
Persona 11	3.2000000000000006	65.0	53.0
Persona 12	3.2000000000000006	96.0	60.0
Persona 13	3.2000000000000006	40.0	41.0
Persona 14	3.2000000000000006	13.0	6.0
Persona 15	3.2000000000000006	23.0	94.0
Persona 16	3.2000000000000006	7.0	42.0
Persona 17	3.2000000000000006	80.0	82.0
Persona 18	3.2000000000000006	98.0	84.0
Persona 19	3.2000000000000006	42.0	28.0
Persona 20	3.2000000000000006	31.0	94.0
Persona 1	3.400000000000001	61.0	91.0
Persona 2	3.400000000000001	24.0	62.0
Persona 3	3.400000000000001	41.0	30.0
Persona 4	3.400000000000001	51.0	63.0
Persona 5	3.400000000000001	63.0	78.0
Persona 6	3.400000000000001	50.0	63.0
Persona 7	3.400000000000001	59.0	23.0
Persona 8	3.400000000000001	92.0	69.0
Persona 9	3.400000000000001	28.0	11.0
Persona 10	3.400000000000001	55.0	57.0
Persona 11	3.400000000000001	65.0	52.0
Persona 12	3.400000000000001	95.0	59.0
Persona 13	3.400000000000001	39.0	41.0
Persona 14	3.400000000000001	12.0	6.0
Persona 15	3.400000000000001	22.0	93.0
Persona 16	3.400000000000001	8.0	43.0
Persona 17	3.400000000000001	81.0	81.0
Persona 18	3.400000000000001	99.0	85.0
Persona 19	3.400000000000001	41.0	28.0
Persona 20	3.400000000000001	32.0	95.0
Persona 1	3.600000000000001	62.0	91.0
Persona 2	3.600000000000001	25.0	62.0
Persona 3	3.600000000000001	40.0	31.0
Persona 4	3.600000000000001	50.0	63.0
Persona 5	3.600000000000001	64.0	79.0
Persona 6	3.600000000000001	49.0	63.0
Persona 7	3.600000000000001	59.0	24.0
Persona 8	3.600000000000001	93.0	68.0
Persona 9	3.600000000000001	27.0	10.0
Persona 10	3.600000000000001	56.0	58.0
Persona 11	3.600000000000001	66.0	51.0
Persona 12	3.600000000000001	94.0	58.0
Persona 13	3.600000000000001	38.0	41.0
Persona 14	3.600000000000001	11.0	6.0
Persona 15	3.600000000000001	21.0	92.0
Persona 16	3.600000000000001	9.0	44.0
Persona 17	3.600000000000001	82.0	81.0
Persona 18	3.600000000000001	100.0	86.0
Persona 19	3.600000000000001	40.0	28.0
Persona 20	3.600000000000001	33.0	96.0
Persona 1	3.800000000000001	63.0	92.0
Persona 2	3.800000000000001	26.0	63.0
Persona 3	3.800000000000001	39.0	32.0
Persona 4	3.800000000000001	49.0	62.0
Persona 5	3.800000000000001	64.0	80.0
Persona 6	3.800000000000001	48.0	62.0
Persona 7	3.800000000000001	59.0	25.0
Persona 8	3.800000000000001	94.0	67.0
Persona 9	3.800000000000001	27.0	9.0
Persona 10	3.800000000000001	56.0	59.0
Persona 11	3.800000000000001	67.0	50.0
Persona 12	3.800000000000001	94.0	57.0
Persona 13	3.800000000000001	37.0	40.0
Persona 14	3.800000000000001	10.0	5.0
Persona 15	3.800000000000001	21.0	91.0
Persona 16	3.800000000000001	9.0	45.0
Persona 17	3.800000000000001	83.0	82.0
Persona 18	3.800000000000001	100.0	87.0
Persona 19	3.800000000000001	39.0	27.0
Persona 20	3.800000000000001	33.0	97.0
Persona 1	4.000000000000001	64.0	93.0
Persona 2	4.000000000000001	27.0	64.0
Persona 3	4.000000000000001	38.0	32.0
Persona 4	4.000000000000001	48.0	61.0
Persona 5	4.000000000000001	64.0	81.0
Persona 6	4.000000000000001	47.0	61.0
Persona 7	4.000000000000001	58.0	26.0
Persona 8	4.000000000000001	95.0	67.0
Persona 9	4.000000000000001	28.0	8.0
Persona 10	4.000000000000001	56.0	60.0
Persona 11	4.000000000000001	68.0	50.0
Persona 12	4.000000000000001	95.0	56.0
Persona 13	4.000000000000001	36.0	39.0
Persona 14	4.000000000000001	9.0	4.0
Persona 15	4.000000000000001	22.0	90.0
Persona 16	4.000000000000001	9.0	46.0
Persona 17	4.000000000000001	84.0	83.0
Persona 18	4.000000000000001	100.0	88.0
Persona 19	4.000000000000001	38.0	26.0
Persona 20	4.000000000000001	33.0	98.0
Persona 1	4.200000000000001	64.0	94.0
Persona 2	4.200000000000001	27.0	65.0
Persona 3	4.200000000000001	37.0	31.0
Persona 4	4.200000000000001	48.0	60.0
Persona 5	4.200000000000001	63.0	82.0
Persona 6	4.200000000000001	47.0	60.0
Persona 7	4.200000000000001	57.0	27.0
Persona 8	4.200000000000001	96.0	67.0
Persona 9	4.200000000000001	29.0	7.0
Persona 10	4.200000000000001	55.0	61.0
Persona 11	4.200000000000001	69.0	50.0
Persona 12	4.200000000000001	96.0	55.0
Persona 13	4.200000000000001	36.0	38.0
Persona 14	4.200000000000001	9.0	3.0
Persona 15	4.200000000000001	23.0	89.0
Persona 16	4.200000000000001	8.0	47.0
Persona 17	4.200000000000001	84.0	84.0
Persona 18	4.200000000000001	99.0	89.0
Persona 19	4.200000000000001	38.0	25.0
Persona 20	4.200000000000001	32.0	99.0
Persona 1	4.400000000000001	64.0	95.0
Persona 2	4.400000000000001	27.0	66.0
Persona 3	4.400000000000001	36.0	30.0
Persona 4	4.400000000000001	48.0	59.0
Persona 5	4.400000000000001	62.0	83.0
Persona 6	4.400000000000001	47.0	59.0
Persona 7	4.400000000000001	56.0	27.0
Persona 8	4.400000000000001	97.0	68.0
Persona 9	4.400000000000001	30.0	6.0
Persona 10	4.400000000000001	54.0	62.0
Persona 11	4.400000000000001	70.0	51.0
Persona 12	4.400000000000001	97.0	54.0
Persona 13	4.400000000000001	36.0	37.0
Persona 14	4.400000000000001	9.0	2.0
Persona 15	4.400000000000001	24.0	88.0
Persona 16	4.400000000000001	7.0	48.0
Persona 17	4.400000000000001	84.0	85.0
Persona 18	4.400000000000001	98.0	90.0
Persona 19	4.400000000000001	38.0	24.0
Persona 20	4.400000000000001	31.0	100.0
Persona 1	4.600000000000001	63.0	96.0
Persona 2	4.600000000000001	26.0	67.0
Persona 3	4.600000000000001	35.0	29.0
Persona 4	4.600000000000001	49.0	58.0
Persona 5	4.600000000000001	61.0	83.0
Persona 6	4.600000000000001	48.0	58.0
Persona 7	4.600000000000001	55.0	27.0
Persona 8	4.600000000000001	98.0	69.0
Persona 9	4.600000000000001	31.0	6.0
Persona 10	4.600000000000001	53.0	62.0
Persona 11	4.600000000000001	71.0	52.0
Persona 12	4.600000000000001	98.0	54.0
Persona 13	4.600000000000001	37.0	36.0
Persona 14	4.600000000000001	10.0	1.0
Persona 15	4.600000000000001	25.0	88.0
Persona 16	4.600000000000001	6.0	48.0
Persona 17	4.600000000000001	83.0	86.0
Persona 18	4.600000000000001	97.0	90.0
Persona 19	4.600000000000001	39.0	23.0
Persona 20	4.600000000000001	30.0	100.0
Persona 1	4.800000000000002	62.0	97.0
Persona 2	4.800000000000002	25.0	68.0
Persona 3	4.800000000000002	35.0	28.0
Persona 4	4.800000000000002	50.0	57.0
Persona 5	4.800000000000002	60.0	83.0
Persona 6	4.800000000000002	49.0	57.0
Persona 7	4.800000000000002	54.0	26.0
Persona 8	4.800000000000002	98.0	70.0
Persona 9	4.800000000000002	32.0	7.0
Persona 10	4.800000000000002	52.0	62.0
Persona 11	4.800000000000002	71.0	53.0
Persona 12	4.800000000000002	99.0	55.0
Persona 13	4.800000000000002	38.0	35.0
Persona 14	4.800000000000002	11.0	0.0
Persona 15	4.800000000000002	26.0	89.0
Persona 16	4.800000000000002	5.0	48.0
Persona 17	4.800000000000002	82.0	87.0
Persona 18	4.800000000000002	96.0	90.0
Persona 19	4.800000000000002	40.0	22.0
Persona 20	4.800000000000002	29.0	100.0
Persona 1	5.000000000000002	61.0	97.0
Persona 2	5.000000000000002	24.0	68.0
Persona 3	5.000000000000002	36.0	27.0
Persona 4	5.000000000000002	51.0	57.0
Persona 5	5.000000000000002	59.0	82.0
Persona 6	5.000000000000002	50.0	57.0
Persona 7	5.000000000000002	53.0	25.0
Persona 8	5.000000000000002	98.0	71.0
Persona 9	5.000000000000002	33.0	8.0
Persona 10	5.000000000000002	51.0	61.0
Persona 11	5.000000000000002	71.0	54.0
Persona 12	5.000000000000002	100.0	56.0
Persona 13	5.000000000000002	39.0	35.0
Persona 14	5.000000000000002	12.0	0.0
Persona 15	5.000000000000002	27.0	90.0
Persona 16	5.000000000000002	4.0	47.0
Persona 17	5.000000000000002	81.0	87.0
Persona 18	5.000000000000002	95.0	89.0
Persona 19	5.000000000000002	41.0	22.0
Persona 20	5.000000000000002	28.0	99.0
Persona 1	5.200000000000002	60.0	97.0
Persona 2	5.200000000000002	23.0	68.0
Persona 3	5.200000000000002	37.0	26.0
Persona 4	5.200000000000002	52.0	57.0
Persona 5	5.200000000000002	58.0	81.0
Persona 6	5.200000000000002	51.0	57.0
Persona 7	5.200000000000002	53.0	24.0
Persona 8	5.200000000000002	97.0	72.0
Persona 9	5.200000000000002	33.0	9.0
Persona 10	5.200000000000002	50.0	60.0
Persona 11	5.200000000000002	70.0	55.0
Persona 12	5.200000000000002	100.0	57.0
Persona 13	5.200000000000002	40.0	35.0
Persona 14	5.200000000000002	13.0	0.0
Persona 15	5.200000000000002	27.0	91.0
Persona 16	5.200000000000002	3.0	46.0
Persona 17	5.200000000000002	80.0	87.0
Persona 18	5.200000000000002	94.0	88.0
Persona 19	5.200000000000002	42.0	22.0
Persona 20	5.200000000000002	27.0	98.0
Persona 1	5.400000000000002	59.0	96.0
Persona 2	5.400000000000002	22.0	67.0
Persona 3	5.400000000000002	38.0	25.0
Persona 4	5.400000000000002	53.0	58.0
Persona 5	5.400000000000002	58.0	80.0
Persona 6	5.400000000000002	52.0	58.0
Persona 7	5.400000000000002	53.0	23.0
Persona 8	5.400000000000002	96.0	73.0
Persona 9	5.400000000000002	33.0	10.0
Persona 10	5.400000000000002	50.0	59.0
Persona 11	5.400000000000002	69.0	56.0
Persona 12	5.400000000000002	100.0	58.0
Persona 13	5.400000000000002	41.0	36.0
Persona 14	5.400000000000002	14.0	1.0
Persona 15	5.400000000000002	27.0	92.0
Persona 16	5.400000000000002	3.0	45.0
Persona 17	5.400000000000002	79.0	86.0
Persona 18	5.400000000000002	94.0	87.0
Persona 19	5.400000000000002	43.0	23.0
Persona 20	5.400000000000002	27.0	97.0
Persona 1	5.600000000000002	58.0	95.0
Persona 2	5.600000000000002	21.0	66.0
Persona 3	5.600000000000002	39.0	25.0
Persona 4	5.600000000000002	54.0	59.0
Persona 5	5.600000000000002	58.0	79.0
Persona 6	5.600000000000002	53.0	59.0
Persona 7	5.600000000000002	54.0	22.0
Persona 8	5.600000000000002	95.0	73.0
Persona 9	5.600000000000002	32.0	11.0
Persona 10	5.600000000000002	50.0	58.0
Persona 11	5.600000000000002	68.0	56.0
Persona 12	5.600000000000002	99.0	59.0
Persona 13	5.600000000000002	42.0	37.0
Persona 14	5.600000000000002	15.0	2.0
Persona 15	5.600000000000002	26.0	93.0
Persona 16	5.600000000000002	3.0	44.0
Persona 17	5.600000000000002	78.0	85.0
Persona 18	5.600000000000002	94.0	86.0
Persona 19	5.600000000000002	44.0	24.0
Persona 20	5.600000000000002	27.0	96.0
Persona 1	5.8000000000000025	58.0	94.0
Persona 2	5.8000000000000025	21.0	65.0
Persona 3	5.8000000000000025	40.0	26.0
Persona 4	5.8000000000000025	54.0	60.0
Persona 5	5.8000000000000025	59.0	78.0
Persona 6	5.8000000000000025	53.0	60.0
Persona 7	5.8000000000000025	55.0	21.0
Persona 8	5.8000000000000025	94.0	73.0
Persona 9	5.8000000000000025	31.0	12.0
Persona 10	5.8000000000000025	51.0	57.0
Persona 11	5.8000000000000025	67.0	56.0
Persona 12	5.8000000000000025	98.0	60.0
Persona 13	5.8000000000000025	42.0	38.0
Persona 14	5.8000000000000025	15.0	3.0
Persona 15	5.8000000000000025	25.0	94.0
Persona 16	5.8000000000000025	4.0	43.0
Persona 17	5.8000000000000025	78.0	84.0
Persona 18	5.8000000000000025	95.0	85.0
Persona 19	5.8000000000000025	44.0	25.0
Persona 20	5.8000000000000025	28.0	95.0
Persona 1	6.000000000000003	58.0	93.0
Persona 2	6.000000000000003	21.0	64.0
Persona 3	6.000000000000003	41.0	27.0
Persona 4	6.000000000000003	54.0	61.0
Persona 5	6.000000000000003	60.0	77.0
Persona 6	6.000000000000003	53.0	61.0
Persona 7	6.000000000000003	56.0	21.0
Persona 8	6.000000000000003	93.0	72.0
Persona 9	6.000000000000003	30.0	12.0
Persona 10	6.000000000000003	52.0	56.0
Persona 11	6.000000000000003	66.0	55.0
Persona 12	6.000000000000003	97.0	60.0
Persona 13	6.000000000000003	42.0	39.0
Persona 14	6.000000000000003	15.0	4.0
Persona 15	6.000000000000003	24.0	94.0
Persona 16	6.000000000000003	5.0	42.0
Persona 17	6.000000000000003	78.0	83.0
Persona 18	6.000000000000003	96.0	84.0
Persona 19	6.000000000000003	44.0	26.0
Persona 20	6.000000000000003	29.0	94.0
Persona 1	6.200000000000003	59.0	92.0
Persona 2	6.200000000000003	22.0	63.0
Persona 3	6.200000000000003	41.0	28.0
Persona 4	6.200000000000003	53.0	62.0
Persona 5	6.200000000000003	61.0	77.0
Persona 6	6.200000000000003	52.0	62.0
Persona 7	6.200000000000003	57.0	21.0
Persona 8	6.200000000000003	92.0	71.0
Persona 9	6.200000000000003	29.0	12.0
Persona 10	6.200000000000003	53.0	56.0
Persona 11	6.200000000000003	65.0	54.0
Persona 12	6.200000000000003	96.0	60.0
Persona 13	6.200000000000003	41.0	40.0
Persona 14	6.200000000000003	14.0	5.0
Persona 15	6.200000000000003	23.0	94.0
Persona 16	6.200000000000003	6.0	42.0
Persona 17	6.200000000000003	79.0	82.0
Persona 18	6.200000000000003	97.0	84.0
Persona 19	6.200000000000003	43.0	27.0
Persona 20	6.200000000000003	30.0	94.0
Persona 1	6.400000000000003	60.0	91.0
Persona 2	6.400000000000003	23.0	62.0
Persona 3	6.400000000000003	41.0	29.0
Persona 4	6.400000000000003	52.0	63.0
Persona 5	6.400000000000003	62.0	77.0
Persona 6	6.400000000000003	51.0	63.0
Persona 7	6.400000000000003	58.0	22.0
Persona 8	6.400000000000003	92.0	70.0
Persona 9	6.400000000000003	28.0	11.0
Persona 10	6.400000000000003	54.0	56.0
Persona 11	6.400000000000003	65.0	53.0
Persona 12	6.400000000000003	95.0	59.0
Persona 13	6.400000000000003	40.0	41.0
Persona 14	6.400000000000003	13.0	6.0
Persona 15	6.400000000000003	22.0	93.0
Persona 16	6.400000000000003	7.0	42.0
Persona 17	6.400000000000003	80.0	81.0
Persona 18	6.400000000000003	98.0	84.0
Persona 19	6.400000000000003	42.0	28.0
Persona 20	6.400000000000003	31.0	94.0
Persona 1	6.600000000000003	61.0	91.0
Persona 2	6.600000000000003	24.0	62.0
Persona 3	6.600000000000003	40.0	30.0
Persona 4	6.600000000000003	51.0	63.0
Persona 5	6.600000000000003	63.0	78.0
Persona 6	6.600000000000003	50.0	63.0
Persona 7	6.600000000000003	59.0	23.0
Persona 8	6.600000000000003	92.0	69.0
Persona 9	6.600000000000003	27.0	10.0
Persona 10	6.600000000000003	55.0	57.0
Persona 11	6.600000000000003	65.0	52.0
Persona 12	6.600000000000003	94.0	58.0
Persona 13	6.600000000000003	39.0	41.0
Persona 14	6.600000000000003	12.0	6.0
Persona 15	6.600000000000003	21.0	92.0
Persona 16	6.600000000000003	8.0	43.0
Persona 17	6.600000000000003	81.0	81.0
Persona 18	6.600000000000003	99.0	85.0
Persona 19	6.600000000000003	41.0	28.0
Persona 20	6.600000000000003	32.0	95.0
Persona 1	6.800000000000003	62.0	91.0
Persona 2	6.800000000000003	25.0	62.0
Persona 3	6.800000000000003	39.0	31.0
Persona 4	6.800000000000003	50.0	63.0
Persona 5	6.800000000000003	64.0	79.0
Persona 6	6.800000000000003	49.0	63.0
Persona 7	6.800000000000003	59.0	24.0
Persona 8	6.800000000000003	93.0	68.0
Persona 9	6.800000000000003	27.0	9.0
Persona 10	6.800000000000003	56.0	58.0
Persona 11	6.800000000000003	66.0	51.0
Persona 12	6.800000000000003	94.0	57.0
Persona 13	6.800000000000003	38.0	41.0
Persona 14	6.800000000000003	11.0	6.0
Persona 15	6.800000000000003	21.0	91.0
Persona 16	6.800000000000003	9.0	44.0
Persona 17	6.800000000000003	82.0	81.0
Persona 18	6.800000000000003	100.0	86.0
Persona 19	6.800000000000003	40.0	28.0
Persona 20	6.800000000000003	33.0	96.0
Persona 1	7.0000000000000036	63.0	92.0
Persona 2	7.0000000000000036	26.0	63.0
Persona 3	7.0000000000000036	38.0	31.0
Persona 4	7.0000000000000036	49.0	62.0
Persona 5	7.0000000000000036	64.0	80.0
Persona 6	7.0000000000000036	48.0	62.0
Persona 7	7.0000000000000036	59.0	25.0
Persona 8	7.0000000000000036	94.0	67.0
Persona 9	7.0000000000000036	27.0	8.0
Persona 10	7.0000000000000036	56.0	59.0
Persona 11	7.0000000000000036	67.0	50.0
Persona 12	7.0000000000000036	94.0	56.0
Persona 13	7.0000000000000036	37.0	40.0
Persona 14	7.0000000000000036	10.0	5.0
Persona 15	7.0000000000000036	21.0	90.0
Persona 16	7.0000000000000036	9.0	45.0
Persona 17	7.0000000000000036	83.0	82.0
Persona 18	7.0000000000000036	100.0	87.0
Persona 19	7.0000000000000036	39.0	27.0
Persona 20	7.0000000000000036	33.0	97.0
Persona 1	7.200000000000004	64.0	93.0
Persona 2	7.200000000000004	27.0	64.0
Persona 3	7.200000000000004	37.0	31.0
Persona 4	7.200000000000004	48.0	61.0
Persona 5	7.200000000000004	63.0	81.0
Persona 6	7.200000000000004	47.0	61.0
Persona 7	7.200000000000004	58.0	26.0
Persona 8	7.200000000000004	95.0	67.0
Persona 9	7.200000000000004	28.0	7.0
Persona 10	7.200000000000004	55.0	60.0
Persona 11	7.200000000000004	68.0	50.0
Persona 12	7.200000000000004	95.0	55.0
Persona 13	7.200000000000004	36.0	39.0
Persona 14	7.200000000000004	9.0	4.0
Persona 15	7.200000000000004	22.0	89.0
Persona 16	7.200000000000004	8.0	46.0
Persona 17	7.200000000000004	84.0	83.0
Persona 18	7.200000000000004	99.0	88.0
Persona 19	7.200000000000004	38.0	26.0
Persona 20	7.200000000000004	32.0	98.0
Persona 1	7.400000000000004	64.0	94.0
Persona 2	7.400000000000004	27.0	65.0
Persona 3	7.400000000000004	36.0	30.0
Persona 4	7.400000000000004	48.0	60.0
Persona 5	7.400000000000004	62.0	82.0
Persona 6	7.400000000000004	47.0	60.0
Persona 7	7.400000000000004	57.0	27.0
Persona 8	7.400000000000004	96.0	67.0
Persona 9	7.400000000000004	29.0	6.0
Persona 10	7.400000000000004	54.0	61.0
Persona 11	7.400000000000004	69.0	50.0
Persona 12	7.400000000000004	96.0	54.0
Persona 13	7.400000000000004	36.0	38.0
Persona 14	7.400000000000004	9.0	3.0
Persona 15	7.400000000000004	23.0	88.0
Persona 16	7.400000000000004	7.0	47.0
Persona 17	7.400000000000004	84.0	84.0
Persona 18	7.400000000000004	98.0	89.0
Persona 19	7.400000000000004	38.0	25.0
Persona 20	7.400000000000004	31.0	99.0
Persona 1	7.600000000000004	64.0	95.0
Persona 2	7.600000000000004	27.0	66.0
Persona 3	7.600000000000004	35.0	29.0
Persona 4	7.600000000000004	48.0	59.0
Persona 5	7.600000000000004	61.0	83.0
Persona 6	7.600000000000004	47.0	59.0
Persona 7	7.600000000000004	56.0	27.0
Persona 8	7.600000000000004	97.0	68.0
Persona 9	7.600000000000004	30.0	6.0
Persona 10	7.600000000000004	53.0	62.0
Persona 11	7.600000000000004	70.0	51.0
Persona 12	7.600000000000004	97.0	54.0
Persona 13	7.600000000000004	36.0	37.0
Persona 14	7.600000000000004	9.0	2.0
Persona 15	7.600000000000004	24.0	88.0
Persona 16	7.600000000000004	6.0	48.0
Persona 17	7.600000000000004	84.0	85.0
Persona 18	7.600000000000004	97.0	90.0
Persona 19	7.600000000000004	38.0	24.0
Persona 20	7.600000000000004	30.0	100.0
Persona 1	7.800000000000004	63.0	96.0
Persona 2	7.800000000000004	26.0	67.0
Persona 3	7.800000000000004	35.0	28.0
Persona 4	7.800000000000004	49.0	58.0
Persona 5	7.800000000000004	60.0	83.0
Persona 6	7.800000000000004	48.0	58.0
Persona 7	7.800000000000004	55.0	27.0
Persona 8	7.800000000000004	98.0	69.0
Persona 9	7.800000000000004	31.0	6.0
Persona 10	7.800000000000004	52.0	62.0
Persona 11	7.800000000000004	71.0	52.0
Persona 12	7.800000000000004	98.0	54.0
Persona 13	7.800000000000004	37.0	36.0
Persona 14	7.800000000000004	10.0	1.0
Persona 15	7.800000000000004	25.0	88.0
Persona 16	7.800000000000004	5.0	48.0
Persona 17	7.800000000000004	83.0	86.0
Persona 18	7.800000000000004	96.0	90.0
Persona 19	7.800000000000004	39.0	23.0
Persona 20	7.800000000000004	29.0	100.0
Persona 1	8.000000000000004	62.0	97.0
Persona 2	8.000000000000004	25.0	68.0
Persona 3	8.000000000000004	35.0	27.0
Persona 4	8.000000000000004	50.0	57.0
Persona 5	8.000000000000004	59.0	82.0
Persona 6	8.000000000000004	49.0	57.0
Persona 7	8.000000000000004	54.0	26.0
Persona 8	8.000000000000004	98.0	70.0
Persona 9	8.000000000000004	32.0	7.0
Persona 10	8.000000000000004	51.0	61.0
Persona 11	8.000000000000004	71.0	53.0
Persona 12	8.000000000000004	99.0	55.0
Persona 13	8.000000000000004	38.0	35.0
Persona 14	8.000000000000004	11.0	0.0
Persona 15	8.000000000000004	26.0	89.0
Persona 16	8.000000000000004	4.0	47.0
Persona 17	8.000000000000004	82.0	87.0
Persona 18	8.000000000000004	95.0	89.0
Persona 19	8.000000000000004	40.0	22.0
Persona 20	8.000000000000004	28.0	99.0
Persona 1	8.200000000000003	61.0	97.0
Persona 2	8.200000000000003	24.0	68.0
Persona 3	8.200000000000003	36.0	26.0
Persona 4	8.200000000000003	51.0	57.0
Persona 5	8.200000000000003	58.0	81.0
Persona 6	8.200000000000003	50.0	57.0
Persona 7	8.200000000000003	53.0	25.0
Persona 8	8.200000000000003	97.0	71.0
Persona 9	8.200000000000003	33.0	8.0
Persona 10	8.200000000000003	50.0	60.0
Persona 11	8.200000000000003	70.0	54.0
Persona 12	8.200000000000003	100.0	56.0
Persona 13	8.200000000000003	39.0	35.0
Persona 14	8.200000000000003	12.0	0.0
Persona 15	8.200000000000003	27.0	90.0
Persona 16	8.200000000000003	3.0	46.0
Persona 17	8.200000000000003	81.0	87.0
Persona 18	8.200000000000003	94.0	88.0
Persona 19	8.200000000000003	41.0	22.0
Persona 20	8.200000000000003	27.0	98.0
Persona 1	8.400000000000002	60.0	97.0
Persona 2	8.400000000000002	23.0	68.0
Persona 3	8.400000000000002	37.0	25.0
Persona 4	8.400000000000002	52.0	57.0
Persona 5	8.400000000000002	58.0	80.0
Persona 6	8.400000000000002	51.0	57.0
Persona 7	8.400000000000002	53.0	24.0
Persona 8	8.400000000000002	96.0	72.0
Persona 9	8.400000000000002	33.0	9.0
Persona 10	8.400000000000002	50.0	59.0
Persona 11	8.400000000000002	69.0	55.0
Persona 12	8.400000000000002	100.0	57.0
Persona 13	8.400000000000002	40.0	35.0
Persona 14	8.400000000000002	13.0	0.0
Persona 15	8.400000000000002	27.0	91.0
Persona 16	8.400000000000002	3.0	45.0
Persona 17	8.400000000000002	80.0	87.0
Persona 18	8.400000000000002	94.0	87.0
Persona 19	8.400000000000002	42.0	22.0
Persona 20	8.400000000000002	27.0	97.0
Persona 1	8.600000000000001	59.0	96.0
Persona 2	8.600000000000001	22.0	67.0
Persona 3	8.600000000000001	38.0	25.0
Persona 4	8.600000000000001	53.0	58.0
Persona 5	8.600000000000001	58.0	79.0
Persona 6	8.600000000000001	52.0	58.0
Persona 7	8.600000000000001	53.0	23.0
Persona 8	8.600000000000001	95.0	73.0
Persona 9	8.600000000000001	33.0	10.0
Persona 10	8.600000000000001	50.0	58.0
Persona 11	8.600000000000001	68.0	56.0
Persona 12	8.600000000000001	100.0	58.0
Persona 13	8.600000000000001	41.0	36.0
Persona 14	8.600000000000001	14.0	1.0
Persona 15	8.600000000000001	27.0	92.0
Persona 16	8.600000000000001	3.0	44.0
Persona 17	8.600000000000001	79.0	86.0
Persona 18	8.600000000000001	94.0	86.0
Persona 19	8.600000000000001	43.0	23.0
Persona 20	8.600000000000001	27.0	96.0
Persona 1	8.8	58.0	95.0
Persona 2	8.8	21.0	66.0
Persona 3	8.8	39.0	25.0
Persona 4	8.8	54.0	59.0
Persona 5	8.8	59.0	78.0
Persona 6	8.8	53.0	59.0
Persona 7	8.8	54.0	22.0
Persona 8	8.8	94.0	73.0
Persona 9	8.8	32.0	11.0
Persona 10	8.8	51.0	57.0
Persona 11	8.8	67.0	56.0
Persona 12	8.8	99.0	59.0
Persona 13	8.8	42.0	37.0
Persona 14	8.8	15.0	2.0
Persona 15	8.8	26.0	93.0
Persona 16	8.8	4.0	43.0
Persona 17	8.8	78.0	85.0
Persona 18	8.8	95.0	85.0
Persona 19	8.8	44.0	24.0
Persona 20	8.8	28.0	95.0
Persona 1	9.0	58.0	94.0
Persona 2	9.0	21.0	65.0
Persona 3	9.0	40.0	26.0
Persona 4	9.0	54.0	60.0
Persona 5	9.0	60.0	77.0
Persona 6	9.0	53.0	60.0
Persona 7	9.0	55.0	21.0
Persona 8	9.0	93.0	72.0
Persona 9	9.0	31.0	12.0
Persona 10	9.0	52.0	56.0
Persona 11	9.0	66.0	55.0
Persona 12	9.0	98.0	60.0
Persona 13	9.0	42.0	38.0
Persona 14	9.0	15.0	3.0
Persona 15	9.0	25.0	94.0
Persona 16	9.0	5.0	42.0
Persona 17	9.0	78.0	84.0
Persona 18	9.0	96.0	84.0
Persona 19	9.0	44.0	25.0
Persona 20	9.0	29.0	94.0
Persona 1	9.2	58.0	93.0
Persona 2	9.2	21.0	64.0
Persona 3	9.2	41.0	27.0
Persona 4	9.2	53.0	61.0
Persona 5	9.2	61.0	77.0
Persona 6	9.2	52.0	61.0
Persona 7	9.2	56.0	21.0
Persona 8	9.2	92.0	71.0
Persona 9	9.2	30.0	12.0
Persona 10	9.2	53.0	56.0
Persona 11	9.2	65.0	54.0
Persona 12	9.2	97.0	60.0
Persona 13	9.2	41.0	39.0
Persona 14	9.2	14.0	4.0
Persona 15	9.2	24.0	94.0
Persona 16	9.2	6.0	42.0
Persona 17	9.2	78.0	83.0
Persona 18	9.2	97.0	84.0
Persona 19	9.2	43.0	26.0
Persona 20	9.2	30.0	94.0
Persona 1	9.399999999999999	59.0	92.0
Persona 2	9.399999999999999	22.0	63.0
Persona 3	9.399999999999999	41.0	28.0
Persona 4	9.399999999999999	52.0	62.0
Persona 5	9.399999999999999	62.0	77.0
Persona 6	9.399999999999999	51.0	62.0
Persona 7	9.399999999999999	57.0	21.0
Persona 8	9.399999999999999	92.0	70.0
Persona 9	9.399999999999999	29.0	12.0
Persona 10	9.399999999999999	54.0	56.0
Persona 11	9.399999999999999	65.0	53.0
Persona 12	9.399999999999999	96.0	60.0
Persona 13	9.399999999999999	40.0	40.0
Persona 14	9.399999999999999	13.0	5.0
Persona 15	9.399999999999999	23.0	94.0
Persona 16	9.399999999999999	7.0	42.0
Persona 17	9.399999999999999	79.0	82.0
Persona 18	9.399999999999999	98.0	84.0
Persona 19	9.399999999999999	42.0	27.0
Persona 20	9.399999999999999	31.0	94.0
Persona 1	9.599999999999998	60.0	91.0
Persona 2	9.599999999999998	23.0	62.0
Persona 3	9.599999999999998	41.0	29.0
Persona 4	9.599999999999998	51.0	63.0
Persona 5	9.599999999999998	63.0	78.0
Persona 6	9.599999999999998	50.0	63.0
Persona 7	9.599999999999998	58.0	22.0
Persona 8	9.599999999999998	92.0	69.0
Persona 9	9.599999999999998	28.0	11.0
Persona 10	9.599999999999998	55.0	57.0
Persona 11	9.599999999999998	65.0	52.0
Persona 12	9.599999999999998	95.0	59.0
Persona 13	9.599999999999998	39.0	41.0
Persona 14	9.599999999999998	12.0	6.0
Persona 15	9.599999999999998	22.0	93.0
Persona 16	9.599999999999998	8.0	43.0
Persona 17	9.599999999999998	80.0	81.0
Persona 18	9.599999999999998	99.0	85.0
Persona 19	9.599999999999998	41.0	28.0
Persona 20	9.599999999999998	32.0	95.0
Persona 1	9.799999999999997	61.0	91.0
Persona 2	9.799999999999997	24.0	62.0
Persona 3	9.799999999999997	40.0	30.0
Persona 4	9.799999999999997	50.0	63.0
Persona 5	9.799999999999997	64.0	79.0
Persona 6	9.799999999999997	49.0	63.0
Persona 7	9.799999999999997	59.0	23.0
Persona 8	9.799999999999997	93.0	68.0
Persona 9	9.799999999999997	27.0	10.0
Persona 10	9.799999999999997	56.0	58.0
Persona 11	9.799999999999997	66.0	51.0
Persona 12	9.799999999999997	94.0	58.0
Persona 13	9.799999999999997	38.0	41.0
Persona 14	9.799999999999997	11.0	6.0
Persona 15	9.799999999999997	21.0	92.0
Persona 16	9.799999999999997	9.0	44.0
Persona 17	9.799999999999997	81.0	81.0
Persona 18	9.799999999999997	100.0	86.0
Persona 19	9.799999999999997	40.0	28.0
Persona 20	9.799999999999997	33.0	96.0
Persona 1	9.999999999999996	62.0	91.0
Persona 2	9.999999999999996	25.0	62.0
Persona 3	9.999999999999996	39.0	31.0
Persona 4	9.999999999999996	49.0	62.0
Persona 5	9.999999999999996	64.0	80.0
Persona 6	9.999999999999996	48.0	62.0
Persona 7	9.999999999999996	59.0	24.0
Persona 8	9.999999999999996	94.0	67.0
Persona 9	9.999999999999996	27.0	9.0
Persona 10	9.999999999999996	56.0	59.0
Persona 11	9.999999999999996	67.0	50.0
Persona 12	9.999999999999996	94.0	57.0
Persona 13	9.999999999999996	37.0	40.0
Persona 14	9.999999999999996	10.0	5.0
Persona 15	9.999999999999996	21.0	91.0
Persona 16	9.999999999999996	9.0	45.0
Persona 17	9.999999999999996	82.0	81.0
Persona 18	9.999999999999996	100.0	87.0
Persona 19	9.999999999999996	39.0	27.0
Persona 20	9.999999999999996	33.0	97.0
| infectadas: 20.0 | suseptibles a infectarse: 0.0 | Recuperados: 0.0

